Rusis,Adresas (vietovė),"Talpa, m3"
Stiklas,Akacijų g. 20,"1,8"
Stiklas,Antanavos g. 21,"1,8"
Stiklas,Antanavos g. 9,"1,8"
Stiklas,Tyrulių g. 20,"2,3"
Stiklas,Bitininkų g. 31 mokykla,"2,3"
Stiklas,Bitininkų g. 19 darželis „Boružėlė“,"1,8"
Stiklas,Minkovskių g. 114,"1,8"
Stiklas,Freda Piliakalnio g. 9,"2,3"
Stiklas,"Freda, Barkūnų g. 5 MOLOC KONTEINERIS","1,3"
Stiklas,"Freda, Europos pr. 18 MOLOC KONTEINERIS","1,3"
Stiklas,"Freda, Europos pr. 28 MOLOC KONTEINERIS","1,3"
Stiklas,"Freda, Europos pr.-Saulėgrąžos g. MOLOC KONT","1,3"
Stiklas,"Freda, Žilibero g. 6, prie Kauno Botanikos sodo","1,8"
Stiklas,Julianavos g. 1A Stambiagabaritinių aikšt.,"1,8"
Stiklas,Lakūnų pl 44,"1,8"
Stiklas,"Technikumo g. 6 prie buitinio, kieme","1,8"
Stiklas,Svajonių al. 3,"1,8"
Stiklas,Vinčų g. 2,"1,8"
Stiklas,Vinčų g. 16,"1,8"
Stiklas,Vinčų g. 20,"1,8"
Stiklas,Birželio 23-osios 15,"1,8"
Stiklas,Birželio 23-osios 17,"2,3"
Stiklas,Draugystės g. 3 C,"1,8"
Stiklas,Draugystės g. 5 D-E,"1,8"
Stiklas,Draugystės g. 5 F,"1,8"
Stiklas,Draugystės g. 9E,"1,8"
Stiklas,Kovo 11-osios g. 59,"1,8"
Stiklas,Kovo 11-osios g. 69,"2,3"
Stiklas,Kovo 11- osios g. 50  vid. M-kla,"1,8"
Stiklas,Kovo 11-osios g. 74,"1,8"
Stiklas,Kovo 11-osios g. 78,"1,8"
Stiklas,Kovo 11-osios g. 82,"1,8"
Stiklas,Kovo 11-osios g. 84,"1,8"
Stiklas,Kovo 11-osios g. 96,"1,8"
Stiklas,Kovo 11-osios g. 98,"1,8"
Stiklas,Kovo 11-osios g. 100,"1,8"
Stiklas,Kovo 11-osios g. 94 V.Kuprevičiaus  vid.mok.,"1,8"
Stiklas,Partizanų g. 10 c,"2,3"
Stiklas,Partizanų g. 27,"1,8"
Stiklas,Partizanų g. 29i,"1,8"
Stiklas,Partizanų g. 224,"1,8"
Stiklas,Partizanų g. 228,"1,8"
Stiklas,Partizanų g. 106,"2,3"
Stiklas,Partizanų g. 110-112,"1,8"
Stiklas,Partizanų g. 124-130,"2,3; 1,8"
Stiklas,Partizanų g. 142,"1,8"
Stiklas,Partizanų g. 156,"1,8"
Stiklas,Partizanų g. 192 (prie regbio stadiono ),"1,8"
Stiklas,Partizanų g. 212,"1,8"
Stiklas,Partizanų g. 22 „Versmės“ vidurinė mokykla,"1,8"
Stiklas,Partizanų g. 26-28 ,"1,8"
Stiklas,Partizanų g. 36,"2,3"
Stiklas,Partizanų g. 42 lopš. Darž. „Vaikystė“,"1,8"
Stiklas,Partizanų g. 46 „Atžalyno“ vidurinė mokykla,"1,8"
Stiklas,Partizanų g. 48-50,"2,3"
Stiklas,Partizanų g. 5-7,"1,8"
Stiklas,Partizanų g. 54,"1,8"
Stiklas,Partizanų g. 55,"1,8"
Stiklas,Partizanų g. 56-56a,"1,8"
Stiklas,Partizanų g. 66,"1,8"
Stiklas,Partizanų g. 68 J.Urbšio vidurinė mokykla,"1,8"
Stiklas,Partizanų g. 70,"1,8"
Stiklas,Partizanų g. 74,"1,8"
Stiklas,Partizanų g. 78,"1,8"
Stiklas,Partizanų g. 86,"1,8"
Stiklas,Partizanų g. 116,"1,8"
Stiklas,Partizanų g. 176,"2,3"
Stiklas,Patrizanų g. 204 ,"2,3"
Stiklas,Pramonės pr. 26,"2,3"
Stiklas,Pramonės pr. 55,"1,8"
Stiklas,Pramonės pr. 57,"2,3"
Stiklas,Pramonės pr. 32,"1,8"
Stiklas,Pramonės pr. 43,"1,8"
Stiklas,Taikos pr. 109,"2,3"
Stiklas,Pramonės pr. 75,"1,8"
Stiklas,Pramonės pr. 77,"1,8"
Stiklas,Pramonės pr. 81/83-85,"1,8"
Stiklas,Taikos pr. 41 ,"1,8"
Stiklas,Taikos pr. 49 darželis,"1,8"
Stiklas,Taikos pr. 51 „Vyturio“ vid. Mokykla,"1,8"
Stiklas,Taikos pr. 53,"1,8"
Stiklas,Taikos pr. 86 c,"1,8"
Stiklas,Taikos pr. 99,"1,8"
Stiklas,Taikos pr. 95,"1,8"
Stiklas,Taikos pr. 75,"1,8"
Stiklas,Taikos pr. 117-119,"1,8"
Stiklas,Taikos pr. 69/73,"2,3"
Stiklas,Taikos pr. 125,"1,8"
Stiklas,V. Krėvės pr. 1,"1,8"
Stiklas,V. Krėvės pr. 10,"1,8"
Stiklas,V. Krėvės pr. 9b,"1,8"
Stiklas,V. Krėvės pr. 11,"2,3"
Stiklas,V. Krėvės pr. 15 (Įvažiavimas pro Partizanų g. 38),"2,3"
Stiklas,V.Krėvės pr. 17,"1,8"
Stiklas,V.Krėvės pr. 28,"1,8"
Stiklas,V.Krėvės pr. 29,"2,3"
Stiklas,V.Krėvės pr. 31,"1,8"
Stiklas,"V. Krėvės pr. 35 įvažiavimas iš Kovo 11-osios, už IKI","1,8"
Stiklas,V. Krėvės pr. 37,"1,8"
Stiklas,V. Krėvės pr. 51,"1,8"
Stiklas,V. Krėvės. pr.55,"1,8"
Stiklas,V. Krėvės pr. 61/65,"1,8"
Stiklas,V. Krėvės pr. 60,"1,8"
Stiklas,V.Krėvės pr. 71/69A,"1,8"
Stiklas,V.Krėvės pr. 60,"1,8"
Stiklas,V.Krėvės pr. 69/61,"1,8"
Stiklas,V. Krėvės pr. 14 MAXIMA,"1,8"
Stiklas,V. Krėvės pr. 58 darželis,"1,8"
Stiklas,V.Krėvės pr. 76,"1,8"
Stiklas,V.Krėvės pr. 78,"1,8"
Stiklas,V.Krėvės pr. 82 a,"1,3"
Stiklas,V.Krėvės pr. 104,"1,8"
Stiklas,V.Krėvės pr. 91,"1,8"
Stiklas,V.Krėvės pr. 93,"1,8"
Stiklas,V.Krėvės pr. 98,"2,3"
Stiklas,V.Krėvės pr. 99,"1,8"
Stiklas,V. Krėvės pr. 100,"1,8"
Stiklas,V. Krėvės pr. 113,"1,8"
Stiklas,V. Krėvės pr. 117,"2,3"
Stiklas,V. Krėvės pr. 107,"1,8"
Stiklas,V. Krėvės pr. 22,"1,8"
Stiklas,V. Krėvės pr. 114 d,"1,8"
Stiklas,Savanorių pr. 246 ,"2,3"
Stiklas,Savanorių pr. 256,"2,3"
Stiklas,Savanorių pr. 278,"2,3"
Stiklas,Savanorių pr. 294,"2,3"
Stiklas,Savanorių pr. 300,"1,8"
Stiklas,Savanorių pr. 306,"2,3"
Stiklas,Savanorių pr. 314,"2,3"
Stiklas,"Savanorių pr. 362, prie Dubingių pard.","1,8"
Stiklas,Savanorių pr. 372,"1,8"
Stiklas,Karmėlavos kapinės (prie administracinio pastato),"2,3"
Stiklas,Dubingių 10 ,"1,8"
Stiklas,A.Jakšto g. 16 MOLOC KONTEINERIAI,"1,3"
Stiklas,Donelaičio 61,"1,3"
Stiklas,Karaliaus Mindaugo g. 68,"2,3"
Stiklas,Gimnazijos g. 3 Maironio gimnazija,"1,8"
Stiklas,Kauno pilis (autobusų apsisukimo vieta),"2,3"
Stiklas,Kauno pilis (prie tualeto),"1,8"
Stiklas,Kęstučio g. 55 MOLOC KONTEINERIS,"1,3"
Stiklas,Kęstučio g. 61 prie mūrinės tvoros;,"1,8"
Stiklas,Kurpių g. 25 MOLOC KONTEINERIS,"1,3"
Stiklas,Maironio g. 1 prie MOLOC KONTEINERIS,"1,3"
Stiklas,Maironio g.1 varpas (statyti toliau nuo tujų),"1,8"
Stiklas,Prieplaukos kr. 7 MOLOC KONTEINERIS,"1,3"
Stiklas,Rotušės a. 9 Jėzuitų gimnazija,"1,8"
Stiklas,"Sopranų g. 5 (laidai, gal perstatyt...)","1,8"
Stiklas,Šv. Gertrūdos g. 5 MOLOC KONTEINERIS,"1,3"
Stiklas,Šv. Gertrūdos g. 8a MOLOC KONTEINERIS,"1,3"
Stiklas,Šv.Gertrūdos g. 22 A(automobilių stovėjimo aikštelė),"2,3"
Stiklas,Vytauto pr. 43a „Vytauto“ namai,"1,8"
Stiklas,Vytauto pr. 50 A.Puškino vid. Mok.(įvaž iš Totorių g.),"1,8"
Stiklas,Vytauto pr. 60,"1,8"
Stiklas,Gedimino g. 10,"2,3"
Stiklas,Lydos g. 3,"1,8"
Stiklas,A.Ramanausko- Vanago g. 1,
Stiklas,Ašigalio g. 15,"2,3"
Stiklas,Ašigalio g. 3,"2,3"
Stiklas,Ašigalio g 20A Stambiagabaritinių aikšt.,"2,3"
Stiklas,Ašigalio g.25,"2,3"
Stiklas,Ašigalio g.41,"2,3"
Stiklas,Ašigalio g.53,"2,3"
Stiklas,Geležinio vilko g. 21,"2,3"
Stiklas,Geležinio vilko g. 22,
Stiklas,Gelžinio vilko g. 1,"2,3"
Stiklas,Gelžinio vilko g. 26,"2,3"
Stiklas,Gelžinio vilko g. 28 Kalniečių vid. mokykla,
Stiklas,Gelžinio vilko g. 7,"2,3"
Stiklas,Gelžinio vilko g. 8,"2,3"
Stiklas,K.Škirpos g. 11,"2,3"
Stiklas,K.Škirpos g. 2,"2,3"
Stiklas,K.Škirpos g. 6,"2,3"
Stiklas,Kalniečių g. 216,"2,3"
Stiklas,Kalniečių g. 245a „Spindulėlis“,"1,8"
Stiklas,Kalniečių g. 255,"2,3"
Stiklas,Lazūnų g. 81 Ukdymo ir globos centras,"1,8"
Stiklas,P. Plechavičiaus 9A (įvaž. Iš Žukausko 6-14),"1,8"
Stiklas,P. Plechavičiaus g. 1,"2,3"
Stiklas,P. Plechavičiaus g. 5 darželis „Šermukšnėlis“,"1,8"
Stiklas,P. Plechavičiaus g. 20,"1,8"
Stiklas,P. Plechavičiaus g. 19,"2,3"
Stiklas,P. Plechavičiaus g. 12,
Stiklas,P. Plechavičiaus g. 6,
Stiklas,P. Plechavičiaus g. 2,"1,8"
Stiklas,P. Plechavičiaus g. 22,"1,8"
Stiklas,P. Plechavičiaus g. 25,"1,8"
Stiklas,P. Lukšio g. 2 prie „Kalniečių“ PC,"1,8"
Stiklas,P.Lukšio g. 10-12,"1,8"
Stiklas,P.Lukšio g. 21,"2,3"
Stiklas,P.Lukšio g. 27,"2,3"
Stiklas,P.Lukšio g. 33/35,"1,8"
Stiklas,P.Lukšio g. 37/37A,"1,8"
Stiklas,"P.Lukšio g. 40 VDU ""Rasos"" gimnazija","1,8"
Stiklas,P.Lukšio g. 43,"2,3"
Stiklas,P.Lukšio g. 47,
Stiklas,P.Lukšio g. 64,"2,3"
Stiklas,Pakraščio g. 2/4,"1,8"
Stiklas,S. Žukausko g. 4/8 (perstatė į kt. gt. Pusę),"1,8"
Stiklas,S.Žukausko g. 25,"2,3"
Stiklas,S.Žukausko g.24,"2,3"
Stiklas,S. Žukausko  g. 13-19,"1,8"
Stiklas,S.Žukausko g.5,"2,3"
Stiklas,Sukilėlių g. 100-110,"1,8"
Stiklas,Sukilėlių pr. 119 prie angaro,"1,8"
Stiklas,Sukilėlių pr. 67,"1,8"
Stiklas,Sukilėlių pr. 69,"1,8"
Stiklas,Sukilėlių pr. 76,"2,3"
Stiklas,Sukilėlių pr. 85,"2,3"
Stiklas,Sukilėlių pr. 87 A MOLOC ,"1,3"
Stiklas,Sukilėlių pr. 95,
Stiklas,Šiaurės pr. 10,"1,8"
Stiklas,Šiaurės pr. 17,"1,8"
Stiklas,Šiaurės pr. 22/24,"1,8"
Stiklas,Šiaurės pr. 5,"2,3"
Stiklas,Šiaurės pr. 8,"1,8"
Stiklas,Šiaurės pr. 40,"2,3"
Stiklas,Šiaurės pr. 42,"2,3"
Stiklas,Šiaurės pr. 43,"2,3"
Stiklas,Šiaurės pr. 45,"1,8"
Stiklas,Šiaurės pr. 55 M.Mažvydo vidurinė mokykla,"1,8"
Stiklas,Šiaurės pr. 57 Vydūno vidurinė mokykla,"1,8"
Stiklas,Šiaurės pr. 75-89,"1,8"
Stiklas,Šiaurės pr.59,"1,8"
Stiklas,Šiaurės pr.69,"2,3"
Stiklas,Šiaurės pr.93,"2,3"
Stiklas,Šiaurės pr.99,"1,8"
Stiklas,Ukmergės g. 2 prie buitinių atliekų k.,"2,3"
Stiklas,Ukmergės g. 24,"1,8"
Stiklas,Ukmergės g. 31,"2,3"
Stiklas,Ukmergės g. 5,"2,3"
Stiklas,Ukmergės g. 9A,"2,3"
Stiklas,Ukmergės g. 9,"2,3"
Stiklas,V. Landsbergio-Žemkalnio g. Nr. 2,"1,8"
Stiklas,V. Landsbergio-Žemkalnio g. Nr. 30,"1,8"
Stiklas,V.Landsbergio- Žemkalnio g. 11,"2,3"
Stiklas,V. Landsbergio-Žemkalnio g. 13,"1,8"
Stiklas,Šiaurės pr. 39-37,"2,3"
Stiklas,Lozoraičio g. 13 KTU licėjus,"2,3"
Stiklas,Žeimenos g. 103,"2,3"
Stiklas,Žeimenos g. 78,"2,3"
Stiklas,A. Baranausko g. 5,"1,8"
Stiklas,A. Baranausko g. 32,"1,8"
Stiklas,A. Baranausko g. 33/35,"1,8"
Stiklas,A. ir J.Gravrogkų g. 1 -3 ,"1,8"
Stiklas,B. Sruogos g. 5,"1,8"
Stiklas,Biržiškių g. 9,"1,8"
Stiklas,Biržiškių g. 1,"1,8"
Stiklas,Chemijos g. 4E,"1,8"
Stiklas,Chemijos g. 9-9A,"1,8"
Stiklas,Draugystės g. 2 ir Kovo 11- osios g. 60,"2,3"
Stiklas,Žalvarnių g 11 (Sodai už Jutos),"1,8"
Stiklas,Draugystės g. 8,"1,8"
Stiklas,Dujotiekio g. 21,"2,3"
Stiklas,Gričiupio g. 11,"1,8"
Stiklas,Gričiupio g. 9,"1,8"
Stiklas,K. Baršausko g. 51,"1,8"
Stiklas,K. Baršausko g. 69,"2,3"
Stiklas,K. Baršausko g. 73,"1,8"
Stiklas,K. Baršausko g. 86,"1,8"
Stiklas,K. Baršausko g. 63 a,"2,3"
Stiklas,Kovo 11- osios g. 27,"1,8"
Stiklas,Kovo 11- osios g. 50 Kovo 11 osios vidurinė mokykla,"1,8"
Stiklas,Kovo 11-osios g. 28,"1,8"
Stiklas,Kovo 11-osios g. 29,"1,8"
Stiklas,Kovo 11-osios g. 36/46,"1,8"
Stiklas,Kovo 11-osios g. 44 perstatyti prie buitinio,"1,8"
Stiklas,Kovo 11-osios g. 43,"1,8"
Stiklas,Kovo 11-osios g. 56-58,"1,8"
Stiklas,M. Riomerio g. 11,"1,8"
Stiklas,M. Riomerio g. 35,"1,8"
Stiklas,M. Riomerio g. 5,"1,8"
Stiklas,M.Riomerio g. 2 -4,"1,8"
Stiklas,Pašilės g. 30,"2,3"
Stiklas,Pašilės g. 36,"2,3"
Stiklas,Pašilės g. 46,"2,3"
Stiklas,Pašilės g. 54,"2,3"
Stiklas,Pašilės g. 82 ,"1,8"
Stiklas,Rimvydo 13,"1,8"
Stiklas,Rimvydo g. 15-17 (aikštelėje),"1,8"
Stiklas,Rimvydo g. 28,"1,8"
Stiklas,Ryšių g. 19-21,"1,8"
Stiklas,Ryšių g. 3,"1,8"
Stiklas,Rytų g. 22,"2,3"
Stiklas,Saulės 16a,"1,8"
Stiklas,Saulės 16/Studentų 29,"1,8"
Stiklas,Saulės 8-10,"1,8"
Stiklas,Saulės g. 30,"2,3"
Stiklas,Saulės 39,"1,8"
Stiklas,Saulės g. 55,"2,3"
Stiklas,Studentų g. 2a,"1,8"
Stiklas,Studentų g. 14,"1,8"
Stiklas,Studentų g. 67,"1,8"
Stiklas,Studentų g. 71,"1,8"
Stiklas,Taikos pr. 34-36,"1,8"
Stiklas,Taikos pr. 44-46,"1,8"
Stiklas,Taikos pr. 56,"2,3"
Stiklas,Taikos pr. 62/64,"1,8"
Stiklas,Taikos pr. 68 Daukanto mokykla,"1,8"
Stiklas,Taikos pr. 80,"2,3"
Stiklas,Topolių g. 2/ A. Purėno g.,"2,3"
Stiklas,Tunelio g. 41     1- Pirmoji specialioji mokykla,"1,8"
Stiklas,Tunelio g. 43,"1,8"
Stiklas,Varpo g. 7,"1,8"
Stiklas,Varpo g. 8,"1,8"
Stiklas,Varpo g.49 „ Varpo“ gimnazija,"1,8"
Stiklas,Žuvinto g. 15,"2,3"
Stiklas,Žuvinto g. 37,"2,3"
Stiklas,Žuvinto g. 30,"2,3"
Stiklas,Pramonės pr. 3,"1,8"
Stiklas,A. Smetonos al. 63-67,"1,8"
Stiklas,A. Smetonos al. 69,"1,8"
Stiklas,A. Smetonos al. 55,"1,8"
Stiklas,A.Smetonos al.prie namo Nr. 57 A,"1,8"
Stiklas,Birutės g. 9 Lopšelis-darželis „Pienė“,"1,8"
Stiklas,K. Veverskio g. 1-6,"1,8"
Stiklas,Kampiškių g. 5,"2,3"
Stiklas,Kariūnų pl. 3 Šilo mokykla,"1,8"
Stiklas,Kariūnų pl. 5 Panemunės prad. Mokykla,"1,8"
Stiklas,Mažoji g. prie namo Nr. 11 ,"2,3"
Stiklas,Miškininkų g,"1,8"
Stiklas,Plento g. 12-14,"1,8"
Stiklas,Plento g. 20/18/10,"1,8"
Stiklas,Plento g. 26/26a-c,"1,8"
Stiklas,Rokai Vijūnų g. 2 mokykla,"1,8"
Stiklas,"Rokai, Baltaragio g. 1 darželis „Rokutis“","1,8"
Stiklas,"Rokai, Baltaragio g. prie namo Nr. 21","1,8"
Stiklas,"Rokai, Baltaragio g. prie namo Nr. 25/27","1,8"
Stiklas,"Rokai, J. Borutos g. 10","1,8"
Stiklas,"Rokai, J. Borutos g. 4","1,8"
Stiklas,"Rokai, Moliakelio g. lyg ties 12","1,8"
Stiklas,"Rokai, Nemuno g. 3","1,8"
Stiklas,"Rokai, Nemuno g. 10, Kauno rajonas","1,8"
Stiklas,"SB Zuikinė, Plikakalnio takas","1,8"
Stiklas,Vaidoto g. 11 Šv.Mato vidurinė mokykla,"1,8"
Stiklas,Vaidoto g. 115 Vaidoto vidurinė mokykla,"1,8"
Stiklas,"Vaišvydava, Didžioji g. 82","2,3"
Stiklas,Vaišvydo g. 28 Vaišvydavos vidurinė mokykla,"1,8"
Stiklas,"Vičiūnai, Kiškių g. 22","1,8"
Stiklas,Tylos g. 10,"2,3"
Stiklas,Kareivinės,"2,3"
Stiklas,Sodų bendrija Ajeras Katilėlių takas 1,"1,8"
Stiklas,R. Kalantos g. 10,"1,8"
Stiklas,R. Kalantos g. 21-23,"1,8"
Stiklas,R. Kalantos g. 53-55,"1,8"
Stiklas,T. Masiulio g. 9,"1,8"
Stiklas,T. Masiulio g. 10 Humanitarinė mokykla,"1,8"
Stiklas,T.Masiulio g. 13 ,"1,8"
Stiklas,Ekskavatorininkų g. 3-5 (vietoj 14),"1,8"
Stiklas,Ekskavatorininkų g. 1,"2,3"
Stiklas,Ekskavatorininkų g. 14,"1,8"
Stiklas,Aikštelė prie Pažaislio vienuolyno,"2,3"
Stiklas,Gimbutienės g.10-12,"1,8"
Stiklas,Gimbutienės g. 6 a,"1,8"
Stiklas,Gimbutienės g. 9 Petrašiūnų vid. mokykla,"1,8"
Stiklas,R. Kalantos g. 44,"1,8"
Stiklas,R. Kalantos g. 120 Turistinių burlaivių asociacija,"1,8"
Stiklas,"R. Kalantos g gale ""buriuotojų įlanka""","1,8"
Stiklas,Laivelių g. 19 aikštelė prie miško,"1,8"
Stiklas,Marių g. /Parko g.,"1,8"
Stiklas,Marių g. 14/10,"1,8"
Stiklas,Marių g. 16 už namo,"1,8"
Stiklas,Marių g. 37 Palemono vidurinė mokykla,"1,8"
Stiklas,Marių g. 60A,"1,8"
Stiklas,"Marių g. aikštelėje, prie Vieškūnų piliakalnio","1,8"
Stiklas,Palemono g. 12 E,"1,8"
Stiklas,Nemajūnų g. 15B,"1,8"
Stiklas,Stoties g. 18,"1,8"
Stiklas,Jachtklubas kavinė,"1,8"
Stiklas,A. Juozapavičiaus pr. 21 a DNSB „XXI Kareivinės“,"1,8"
Stiklas,A. Juozapavičiaus pr. 19 A,"1,8"
Stiklas,A. Juozapavičiaus pr. 25,"1,8"
Stiklas,"A. Juozapavičiaus pr. 21 Caro namas","1,8"
Stiklas,A.Juozapavičiaus pr.44,"1,8"
Stiklas,A.Juozapavičiaus pr.31,"1,8"
Stiklas,Alsėdžių g. 3,"1,8"
Stiklas,Alsėdžių g. 7,"1,8"
Stiklas,Ašmenos II g. 33-37 (įvažiavimas iš Verkių g.),"1,8"
Stiklas,Hipodromo g. 42-46,"1,8"
Stiklas,Kranto al. 22,"1,8"
Stiklas,Kranto al. 52,"1,8"
Stiklas,Kranto al. 58,"1,8"
Stiklas,Kranto al. 62,"1,8"
Stiklas,Medvėgalio g. - Ašmenos gatvė,"1,8"
Stiklas,Prancūzų g. 6,"1,8"
Stiklas,Prancūzų g. 17,"1,8"
Stiklas,Prancūzų g. 77 (pastatytas 2009 01 15),"1,8"
Stiklas,Prancūzų g. 81 (prie Rimi parduotuvės),"1,8"
Stiklas,Prancūzų g. 143,"1,8"
Stiklas,Prancūzų g. 47,"1,8"
Stiklas,Prancūzų g. 59,"1,8"
Stiklas,Prancūzų g. 68,"2,3"
Stiklas,Prancūzų g. 62 A,"1,8"
Stiklas,Prancūzų g. 88,"1,8"
Stiklas,Verkių g. 18,"1,8"
Stiklas,Verkių g. 30 mokykla,"1,8"
Stiklas,Verkių g. 32,"1,8"
Stiklas,Verkių g. 6/ Prancūzų 76,"1,8"
Stiklas,Vokiečių g. 164 Šančių vidurinė mokykla,"1,8"
Stiklas,Vokiečių g. 27 MOLOC KONTEINERIS,"1,3"
Stiklas,Žarėnų g. 19,"1,8"
Stiklas,Apuolės g. 44 Vilijampolės soc. Globos namai,"2,3"
Stiklas,Baltijos g. 100,"1,8"
Stiklas,Baltijos g. 21,"1,8"
Stiklas,Baltijos g. 22,"1,8"
Stiklas,Baltijos g. 40,"1,8"
Stiklas,Baltijos g. 46,"1,8"
Stiklas,Baltijos g. 45,"1,8"
Stiklas,Baltijos g. 53,"1,8"
Stiklas,Baltijos g. 55-57,"1,8"
Stiklas,Baltijos g. 6,"1,8"
Stiklas,Baltijos g. 67,"1,8"
Stiklas,Baltijos g. 72,"1,8"
Stiklas,Baltijos g. 80-64,"1,8"
Stiklas,Baltijos g. 84-78,"1,8"
Stiklas,Baltijos g. 9,"1,8"
Stiklas,Baltų pr. 103 „Ąžuolyno vid. Mokykla“,"2,3"
Stiklas,Baltų pr. 107,"1,8"
Stiklas,Baltų pr. 117 ,"1,8"
Stiklas,Baltų pr. 121-126,"1,8"
Stiklas,Baltų pr. 195 ,"1,3"
Stiklas,Baltų pr. 13,"2,3"
Stiklas,Baltų pr. 131-125,"1,8"
Stiklas,Baltų pr. 149,"1,8"
Stiklas,Baltų pr. 161-169,"1,8"
Stiklas,Baltų pr. 181,"1,8"
Stiklas,Baltų pr. 21 (41-15),"1,8"
Stiklas,Baltų pr. 27,"1,8"
Stiklas,Baltų pr. 3,"1,8"
Stiklas,Baltų pr. 33,"1,8"
Stiklas,Baltų pr. 4,"1,8"
Stiklas,Baltų pr. 63,"1,8"
Stiklas,Baltų pr. 67,"1,8"
Stiklas,Baltų pr. 77,"1,8"
Stiklas,Baltų pr. 97,"1,8"
Stiklas,Eitkūnų g. gale,"2,3"
Stiklas,IX FORTAS,"2,3"
Stiklas,Grušo g. 4,"1,8"
Stiklas,Bartuvos g 5b,"1,8"
Stiklas,Kuršių g. 10,"2,3"
Stiklas,Kuršių g. 12,"1,8"
Stiklas,Kuršių g. 3 A,"2,3"
Stiklas,Kuršių g. 4,"2,3"
Stiklas,Kuršių g. 9E,"1,8"
Stiklas,Kuršių g. 48,"2,3"
Stiklas,Kuršių g. 52,"2,3"
Stiklas,Kuršių g. 58,"2,3"
Stiklas,Lazdinėlių g. prie moloc konteinerių,"2,3"
Stiklas,Naujakurių g. 66 /33,"1,8"
Stiklas,Naujakurių pr. 84-92,"1,8"
Stiklas,Rasytės g. 10,"2,3"
Stiklas,Rasytės g. 18,"2,3"
Stiklas,Rasytės g. 28,"2,3"
Stiklas,Rasytės g. 32,"2,3"
Stiklas,Rasytės g. 40,"2,3"
Stiklas,Rasytės g. 42,"1,8"
Stiklas,Rasytės g. 48,"2,3"
Stiklas,Rasytės g. 5,"1,8"
Stiklas,Rasytės g. 6,"2,3"
Stiklas,Rietavo g. 1,"1,8"
Stiklas,Rietavo g. 13,"1,8"
Stiklas,Rietavo g. 17,"1,8"
Stiklas,"Romainiai, Girios g. 4","2,3"
Stiklas,"Romainiai, P.Rusecko/J.Bielinio/Knygnešių g.","1,8"
Stiklas,"Sargėnai, Radviliškio g. 1","2,3"
Stiklas,"Sargėnai, Pienių g. 2","1,8"
Stiklas,"Sargėnai, Pienių g. 6","1,8"
Stiklas,"Sargėnai, Pienių g. 8","1,8"
Stiklas,"Sargėnai, Vandžiogalos g. 12","1,8"
Stiklas,"Sargėnai, Vandžiogalos g. 84 a","1,8"
Stiklas,Vandžiogalos g. 92B,"1,8"
Stiklas,"Sargėnai, Vandžiogalos g. 8","1,8"
Stiklas,"Sargėnų vidurinė mokykla,Vandžiogalos g. 51 ","1,8"
Stiklas,Šarkuvos g. 10,"1,8"
Stiklas,Šarkuvos g. 13,"1,8"
Stiklas,Šarkuvos g. 19,"1,8"
Stiklas,Šarkuvos g. 26,"1,8"
Stiklas,Šarkuvos g. 29 už „Ryto“ prad. mokyklos,"2,3"
Stiklas,Vėtrungės g. 2,"1,8"
Stiklas,Vėtrungės g. 10,"1,8"
Stiklas,Viduklės g. 8-10,"2,3"
Stiklas,Žiemgalių g. 19,"1,8"
Stiklas,A. Strazdo g. už 75 namo kom. atliekų kont.,"1,8"
Stiklas,A. Strazdo g. 83,"2,3"
Stiklas,Antagynės 11 (Raudondvario plentas),"2,3"
Stiklas,Demokratų g. 31,"1,8"
Stiklas,Demokratų g. 36 P.Vileišio vidurinė mokykla,"1,8"
Stiklas,Demokratų g. 48,"1,8"
Stiklas,Gintaro g. 9,"1,3"
Stiklas,K. Griniaus 9/13,"1,8"
Stiklas,Kulvos g. 14 a,"1,8"
Stiklas,Kulvos g. 34,"1,8"
Stiklas,"Lampėdžiai, kur sukasi autobusai, tolyn prie pirties","1,8"
Stiklas,Lampėdžių g. 10,"1,8"
Stiklas,Linkuvos g. 55/ Sąjungos a.,"1,8"
Stiklas,Mušos g.6 Veršvų vidurinė mokykla,"1,8"
Stiklas,Neries kr. 12-13,"1,8"
Stiklas,Neries kr. 25,"1,8"
Stiklas,Neries kr. 9-10,"1,8"
Stiklas,Neries kr.4,"1,8"
Stiklas,Neries kr.5,"1,8"
Stiklas,Neries kr.7,"1,8"
Stiklas,Kriščiukaičio g. 6,"1,8"
Stiklas,Panerių / Stulginskio g.,"1,8"
Stiklas,Pagėgių g. sankritoje su Vienožinskio g aikšt. prie 56 namo;,"1,8"
Stiklas,Pakalnės g. 15 MOLOC KONTEINERIS,"1,3"
Stiklas,Ramygalos g. 45,"2,3"
Stiklas,Ramygalos g. 9,"1,8"
Stiklas,Raudondvario pl. 155D,"1,8"
Stiklas,Raudondvario pl. 174 komun.atliekų kon.,"1,8"
Stiklas,Raudondvario pl. 192 (Kaniūkų g.),"1,8"
Stiklas,Raudondvario pl. 200 (Kaniūkų g.),"1,8"
Stiklas,Raudondvario pl. 226 komun. atliekų kon.,"1,8"
Stiklas,Įkalnės akligatvis 10,"2,3"
Stiklas,Raudondvario pl. 288 A  „Antaginiečiai“,"2,3"
Stiklas,Stulginskio g. 54,"1,8"
Stiklas,Stulginskio g. 61 S. Lozoraičio vid. Mok.,"1,8"
Stiklas,Bijūnų g. 14,"2,3"
Stiklas,Varnių g. 26,"1,8"
Stiklas,Varnių g. 30,"1,8"
Stiklas,Varnių g. 37,"1,8"
Stiklas,Varnių g. 45,"1,8"
Stiklas,Varnių g. 49 darželis „Pušaitė“,"1,8"
Stiklas,Vytenio g. 10,"1,8"
Stiklas,Vytenio g. 14-16,"1,8"
Stiklas,Vytenio g. 20,"1,8"
Stiklas,Vytenio g. 4 namo prie kom. atliekų kont.,"1,8"
Stiklas,Brastos g. 26,"1,8"
Stiklas,Tilžės g. 11,"1,8"
Stiklas,Radvilų dvaro/Naujelio,"1,8"
Stiklas,Lampėdžių kempingas,"1,8"
Stiklas,A. Kačanausko g. 14,"2,3"
Stiklas,Seinų g. 8,"2,3"
Stiklas,Archyvo g. 48 ,"1,8"
Stiklas,Auktaičių g.78 S.Nėries vidurinė mokykla,"1,8"
Stiklas,Aušros g. 40,"1,8"
Stiklas,J.Basanavičiaus al. 43B,"1,8"
Stiklas,J.Basanavičiaus al. 47,"1,8"
Stiklas,Jonavos g. 184,"1,8"
Stiklas,JONAVOS G. 51 a,"1,8"
Stiklas,Kalniečių g. 126,"2,5"
Stiklas,Kalniečių g. 184,"2,3"
Stiklas,Kalniečių g. 219,"1,8"
Stiklas,M. Jankaus g. 2,"1,8"
Stiklas,Perkūno al.3 (LKKA),"1,8"
Stiklas,Petrausko g. 13,"1,8"
Stiklas,Purienų g. 2 Kauno apskrities pagr. Mokykla „Saulutė“,"1,8"
Stiklas,Radvilėnų pl. 3A,"1,8"
Stiklas,Radvilėnų pl. 4,"1,8"
Stiklas,Radvilėnų pl. 56A,"1,8"
Stiklas,Radvilėnų pl. 7 Radvilėnų vidurinė mokykla,"1,8"
Stiklas,Žemgulio g. 25a naujas molokas,3
Stiklas,Žemgulio/Dirvos g.,"1,8"
Stiklas,Savanorių pr. 46 Saulės gimnazija (Centro sen.),"1,8"
Stiklas,Savanorių pr. 178 A,"2,3"
Stiklas,Savanorių pr. 204 (įvažiavimas iš Taikos pr.),"2,5"
Stiklas,Savanorių pr. 235,"2,3"
Stiklas,Savanorių pr. 241,"2,3"
Stiklas,Savanorių pr. 287,"2,3"
Stiklas,Širvintų g. 15 L.Karsavino pagr.mok. (įvaž. iš Kalniečių),"1,8"
Stiklas,Taikos pr. 6A Aklųjų ir silpnaregių centras,"1,8"
Stiklas,Taikos pr. 4A,"2,3"
Stiklas,Uosio g. 7 Kurčiųjų ir neprigirdinčių ugdymo centras(kieme),"1,8"
Stiklas,Vaižganto g. 45-47,"1,8"
Stiklas,Sporto g. 1  (Pirmoji Kregždutė),"2,3"
Stiklas,Vaižganto g. 7,"1,8"
Popierius,Akacijų g. 20,"2,5"
Popierius,Antanavos g. 21,"2,5"
Popierius,Antanavos g. 36,"2,5"
Popierius,Antanavos g. 9,"2,5"
Popierius,Bitininkų g. 19 darželis „Boružėlė“,"2,5"
Popierius,Tyrulių g. 20,"2,3"
Popierius,Bitininkų g. 31 mokykla ,"2,3"
Popierius,Bitininkų g. 43,"2,3"
Popierius,Europos pr. 121,"2,3"
Popierius,Freda Piliakalnio g. 9,"2,3"
Popierius,"Freda, Barkūnų g.",5
Popierius,"Freda, Saulėgražų g. 1","2,3"
Popierius,"Freda, Žilibero g. 6, prie Kauno Botanikos sodo","2,5"
Popierius,Lakūnų pl 44,"2,5"
Popierius,Kalvarijos g. 72,"2,5"
Popierius,Vaitkaus /Kumpio g. sankirta,"2,5"
Popierius,Svajonių al. 3,"2,5"
Popierius,Vinčų g. 2,"2,3"
Popierius,Vinčų g. 20,"2,5"
Popierius,Donelaičio g. 55-61,"2,3"
Popierius,"Donelaičio 81a",5
Popierius,Sapiegos g. 8 MOLOC KONTEINERIS,5
Popierius,Maironio g. 1 MOLOC,5
Popierius,Karaliaus Mindaugo g. 68,"2,3"
Popierius,Sopranų g. 5 ,"2,5"
Popierius,Vytauto pr. 60,"2,5"
Popierius,Vytauto pr. 50 A.Puškino vid. Mok. iš Totorių g.),"2,5"
Popierius,Vytauto pr. 43a „Vytauto“ namai,"2,5"
Popierius,Gedimino g. 10,"2,3"
Popierius,Kęstučio g. 61 prie mūrinės tvoros;,"2,5"
Popierius,Gimnazijos g. 3 Maironio vidurinė mokykla,"2,5"
Popierius,Maironio g. 1 VARPAS,"2,5"
Popierius,Šv. Gertrūdos g. 5,5
Popierius,Šv. Gertrūdos g. 22A (am aikštelė),"2,3"
Popierius,Rotušės a. 9 Jėzuitų gimnazija,"2,5"
Popierius,Rotušės aikštė MOLOC,5
Popierius,Kumelių g. 8 ,"2,3"
Popierius,Kauno pilis ,"2,5"
Popierius,Prieplaukos g. 7 MOLOC KONTEINERIS,5
Popierius,Jonavos aut. Aikštelė,"2,3"
Popierius,Lydos g. 3,"2,5"
Popierius,Birželio 23-osios 8,"2,3"
Popierius,Birželio 23-osios 15,"2,5"
Popierius,Birželio 23-osios 17,"2,3"
Popierius,Draugystės g. 3 C,"2,5"
Popierius,Draugystės g. 5 D-E,"2,5"
Popierius,Draugystės g. 5 F,"2,5"
Popierius,Draugystės g. 9E,"2,5"
Popierius,Kovo 11-osios g. 59,"2,5"
Popierius,Kovo 11-osios g. 69,"2,3"
Popierius,Kovo 11-osios g. 74,"2,5"
Popierius,Kovo 11-osios g. 78,"2,5"
Popierius,Kovo 11-osios g. 84,"2,5"
Popierius,Kovo 11-osios g. 98,"2,5"
Popierius,Kovo 11-osios g. 100,"2,5"
Popierius,Kovo 11-osios g. 94 V.Kuprevičiaus  vid. Mok.,"2,5"
Popierius,Partizanų g. 28/Birželio 23-osios kampas,"2,5"
Popierius,Partizanų g. 10 c,"2,3"
Popierius,Partizanų g. 27,"2,5"
Popierius,Partizanų g. 29i,"2,5"
Popierius,Partizanų g. 106,"2,3"
Popierius,Partizanų g. 110-112,"2,5"
Popierius,Partizanų g. 124-130,"2,5"
Popierius,Partizanų g. 142,"2,5"
Popierius,Partizanų g. 176,"2,3"
Popierius,Partizanų g. 192 (prie regbio stadiono ),"2,5"
Popierius,Partizanų g. 212,"2,5"
Popierius,Partizanų g. 224,"2,5"
Popierius,Partizanų g. 228,"2,5"
Popierius,Partizanų g. 38-40,"2,3"
Popierius,Partizanų g. 42 lopš. Darž. „Vaikystė“,"2,5"
Popierius,Partizanų g. 46 „Atžalyno“ vidurinė mokykla,"2,5"
Popierius,Partizanų g. 48-50,"2,3"
Popierius,Partizanų g. 5-7,"2,5"
Popierius,Partizanų g. 54,"2,5"
Popierius,Partizanų g. 55,"2,5"
Popierius,Partizanų g. 56-56a,"2,5"
Popierius,Partizanų g. 68 J.Urbšio vidurinė mokykla,"2,5"
Popierius,Partizanų g. 70,"2,5"
Popierius,Partizanų g. 78,"2,5"
Popierius,Partizanų g. 116,"2,5"
Popierius,Pramonės pr. 6,"2,5"
Popierius,Pramonės pr. 26,"2,3"
Popierius,Pramonės pr. 32,"2,5"
Popierius,Pramonės pr. 43,"2,5"
Popierius,Taikos pr. 109,"2,3"
Popierius,Pramonės pr. 55,"2,3"
Popierius,Pramonės pr. 57,"2,5"
Popierius,Pramonės pr. 75,"2,5"
Popierius,Pramonės pr. 77,"2,5"
Popierius,Pramonės pr. 81/83,"2,5"
Popierius,Pramonės pr. 85,"2,5"
Popierius,Dubingių g. 10,"2,5"
Popierius,Savanorių pr. 246 ,"2,3"
Popierius,Savanorių pr. 256,"2,3"
Popierius,Savanorių pr. 278,"2,3"
Popierius,Savanorių pr. 300,"2,5"
Popierius,Savanorių pr. 306,"2,3"
Popierius,Savanorių pr. 314,"2,3"
Popierius,Savanorių pr. 362,"2,3"
Popierius,Taikos pr. 117-119,"2,5"
Popierius,Taikos pr. 125,"2,5"
Popierius,Taikos pr. 99,"2,5"
Popierius,Taikos pr. 69/73,"2,3"
Popierius,Taikos pr. 75,"2,5"
Popierius,Taikos pr. 47A K-Minijos Burger“,Moloc
Popierius,Taikos pr. 49 darželis,"2,5"
Popierius,Taikos pr. 51 „Vyturio“ vid. Mokykla,"2,5"
Popierius,Taikos pr. 53,"2,5"
Popierius,Taikos pr. 82 a-c/Draugystės g.,"2,5"
Popierius,Taikos pr. 86 c,"2,5"
Popierius,Taikos pr. 95,"2,5"
Popierius,V.Krėvės pr.  1,"2,5"
Popierius,V.Krėvės pr.  9b,"2,5"
Popierius,V.Krėvės pr.  11,"2,3"
Popierius,V.Krėvės pr.  14,"2,5"
Popierius,V.Krėvės pr.  17,"2,5"
Popierius,V. Krėvės pr. 28,"2,5"
Popierius,V. Krėvės pr. 29,"2,3"
Popierius,V. Krėvės pr. 37,"2,5"
Popierius,V. Krėvės pr. 66,"2,3"
Popierius,V. Krėvės pr. 78,"2,5"
Popierius,V. Krėvės pr. 82,"1,3"
Popierius,V. Krėvės pr. 91,"2,5"
Popierius,V. Krėvės pr. 93,"2,5"
Popierius,V. Krėvės pr. 98,"2,3"
Popierius,V. Krėvės pr. 99A,"2,5"
Popierius,V.Krėvės pr. 114D,"2,5"
Popierius,V. Krėvės pr. 117,"2,5"
Popierius,V. Krėvės pr. 111A,"2,5"
Popierius,V. Krėvės pr. 104A,"2,5"
Popierius,"V. Krėvės pr. 105a darželis „Etiudas“, įvaž. Pro Nr. 99","2,5"
Popierius,V. Krėvės pr. 107,"2,5"
Popierius,V. Krėvės pr. 100,"2,5"
Popierius,V. Krėvės pr. 22,"2,5"
Popierius,V.Krėvės pr. 51/Kovo 11-osios 102,"2,3"
Popierius,V.Krėvės pr. 58 darželis,"2,5"
Popierius,V. Krėvės pr. 61/65,"2,5"
Popierius,V.Krėvės pr. 71/69A,"2,5"
Popierius,V.Krėvės pr. 69/61,"2,5"
Popierius,V.Krėvės pr. 76,"2,3"
Popierius,"V. Krėvės pr. 35 įvažiavimas iš Kovo 11-osios, už IKI","2,5"
Popierius,V.Krėvės pr.31,"2,5"
Popierius,V. Krėvės pr.10,"2,5"
Popierius,Karmėlavos kapinės (prie administracinio pastato),"2,5"
Popierius,Krėvės pr. 60,"2,5"
Popierius,Ašigalio g. 3,"2,3"
Popierius,Ašigalio g. 15,"2,3"
Popierius,Ašigalio g. 25,"2,3"
Popierius,Ašigalio g. 41,"2,3"
Popierius,Ašigalio g. 53,"2,3"
Popierius,Kalniečių g. 245a „Spindulėlis“,"2,5"
Popierius,Kalniečių g. 255,"2,5"
Popierius,Lazūnų g. 81 Ugdymo ir globos centras,"2,5"
Popierius,P. Plechavičiaus g. 5 darželis „Šermukšnėlis“,"2,5"
Popierius,P. Plechavičiaus g. 6,"2,5"
Popierius,P. Plechavičiaus g. 2,"2,5"
Popierius,P. Plechavičiaus g. 9,"2,5"
Popierius,P. Plechavičiaus g. 22,"2,5"
Popierius,P. Plechavičiaus g. 25,"2,5"
Popierius,P. Lukšio g. 43,"2,5"
Popierius,P. Lukšio g. 23-27,"2,3"
Popierius,P.Lukšio g. 10-12,"2,5"
Popierius,P. Lukšio g. 2 prie „Kalniečių“ PC,"2,5"
Popierius,P.Lukšio g. 33/35,"2,5"
Popierius,P.Lukšio g. 37/37A,"2,5"
Popierius,P.Lukšio g. 68,"2,3"
Popierius,Geležinio Vilko g. 1,"2,3"
Popierius,Geležinio Vilko g. 7,"2,3"
Popierius,Geležinio Vilko g. 19,"2,3"
Popierius,Geležinio Vilko g. 26,"2,3"
Popierius,Pakraščio g. 2/4,"2,5"
Popierius,Žeimenos g. 103,"2,3"
Popierius,S. Žukausko g. 5,"2,3"
Popierius,S. Žukausko g. 4/8 ,"2,5"
Popierius,S. Žukausko  g. 13-19,"2,5"
Popierius,S. Žukausko  g. 25,"2,3"
Popierius,S. Žukausko  g. 20,"2,3"
Popierius,Škirpos g. 9,"2,3"
Popierius,Sukilėlių pr.119,"2,5"
Popierius,Sukilėlių pr. 65,"2,5"
Popierius,Sukilėlių pr. 69,"2,3"
Popierius,Sukilėlių pr. 85,"2,5"
Popierius,Sukilėlių pr. 80,"2,3"
Popierius,Sukilėlių pr. 100-110,"2,5"
Popierius,Šiaurės pr. 10,"2,5"
Popierius,Šiaurės pr. 22,"2,5"
Popierius,Šiaurės pr.13-17,"2,5"
Popierius,Šiaurės pr. 40,"2,3"
Popierius,Šiaurės pr. 42,"2,3"
Popierius,Šiaurės pr. 45,"2,5"
Popierius,Šiaurės pr. 5,"2,3"
Popierius,Šiaurės pr. 75-89,"2,5"
Popierius,Šiaurės pr.55 M.Mažvydo vid. Mokykla,"2,5"
Popierius,Šiaurės pr.57 Vidūno vidurinė mokykla,"2,5"
Popierius,Šiaurės pr.59,"2,5"
Popierius,Šiaurės pr. 99,"2,5"
Popierius,Ukmergės g. 5,"2,3"
Popierius,Ukmergės g. 9A,"2,3"
Popierius,Ukmergės g. 15,"2,3"
Popierius,Ukmergės g. 31,"2,3"
Popierius,Ukmergės g. 24,"2,5"
Popierius,V. Landsbergio-Žemkalnio g. Nr. 2,"2,5"
Popierius,V. Landsbergio-Žemkalnio g. Nr. 7,"2,3"
Popierius,V. Landsbergio-Žemkalnio g. 13,"2,5"
Popierius,V. Landsbergio-Žemkalnio g. Nr. 30,"2,5"
Popierius,Lozoraičio g. 13 KTU licėjus,"2,3"
Popierius,A. Baranausko g. 5,"2,5"
Popierius,A. Baranausko g. 32,"2,5"
Popierius,A. Baranausko g. 33/35,"2,5"
Popierius,B. Sruogos g. 5,"2,5"
Popierius,A. ir J.Gravrogkų g. 1 -3 statyti 10 m nuo namo,"2,5"
Popierius,Biržiškių g. 9,"2,5"
Popierius,Chemijos g. 9-9A,"2,5"
Popierius,Draugystės g. 2 / Kovo 11- osios g. 60,"2,5"
Popierius,Draugystės g. 8,"2,5"
Popierius,Dujotiekio g. 21,"2,3"
Popierius,Gričiupio g. 11,"2,5"
Popierius,Gričiupio g. 9,"2,5"
Popierius,K. Baršausko g. 51,"2,5"
Popierius,K. Baršausko g. 73,"2,5"
Popierius,K. Baršausko g. 86,"2,5"
Popierius,Kovo 11- osios g. 27,"2,5"
Popierius,Kovo 11- osios g. 48 lop. Darž. „Malūnėlis“,"2,5"
Popierius,Kovo 11-osios g. 28,"2,5"
Popierius,Kovo 11-osios g. 29,"2,5"
Popierius,Kovo 11-osios g. 36/46,"2,5"
Popierius,Kovo 11-osios g. 44 perstatyti prie buitinio,"2,5"
Popierius,Kovo 11-osios g. 43,"2,5"
Popierius,Kovo 11-osios g. 50 vidurinė mokykla,"2,5"
Popierius,Kovo 11-osios g. 56-58,"2,5"
Popierius,M. Riomerio g. 11,5
Popierius,M. Riomerio g. 35,"2,5"
Popierius,M. Riomerio g. 5,5
Popierius,M.Riomerio g. 2 -4,"2,5"
Popierius,Rytų g. 26,"2,3"
Popierius,"Pašilės g. 82 statyti, kad neužstotų išvažiavimo","2,5"
Popierius,Pramonės pr. 3,"2,3"
Popierius,Rimvydo 13,"2,5"
Popierius,Rimvydo g. 15 - 17 (aikštelėje),"2,5"
Popierius,Rimvydo g. 28,"2,5"
Popierius,Ryšių g. 3,"2,5"
Popierius,Ryšių g. 19-21,"2,5"
Popierius,Saulės 8-10,"2,5"
Popierius,Saulės 16/Studentų 29,"2,5"
Popierius,Saulės 16a,"2,5"
Popierius,Saulės 39,"2,5"
Popierius,Studentų g. 2a,"2,5"
Popierius,Studentų g. 14,"2,5"
Popierius,Studentų g. 67,"2,5"
Popierius,Studentų g. 71,"2,5"
Popierius,Taikos pr. 80,"2,3"
Popierius,Taiko pr. 68 S.Daukanto vid. Mokykla,"2,5"
Popierius,Taikos pr. 62/64,"2,5"
Popierius,Taikos pr. 44-46,"2,5"
Popierius,Topolių g. 2/ A. Purėno,"2,3"
Popierius,Tunelio g. 41 Pirmoji specialioji mokykla,"2,5"
Popierius,Tunelio g. 43,"2,5"
Popierius,Varpo g. 7,"2,5"
Popierius,Varpo g. 8,"2,5"
Popierius,Taikos pr 56,"2,3"
Popierius,Saulės g. 55,"2,3"
Popierius,Varpo g.49 „ Varpo“ gimnazija,"2,5"
Popierius,Žuvinto g. 15,"2,3"
Popierius,Žuvinto g. 37,"2,3"
Popierius,"A. Juozapavičiaus pr. 21 Caro namas","2,5"
Popierius,A. Juozapavičiaus pr. 13,"2,5"
Popierius,A. Juozapavičiaus pr. 19 A,"2,5"
Popierius,A. Juozapavičiaus pr. 21 a DNSB „XXI Kareivinės“,"2,5"
Popierius,A. Juozapavičiaus pr. 25,"2,5"
Popierius,A. Juozapavičiaus pr.44,"2,5"
Popierius,A. Juozapavičiaus pr.31,"2,5"
Popierius,Alsėdžių g. 3,"2,5"
Popierius,Alsėdžių g. 7,"2,5"
Popierius,Ašmenos II g. 33-37 (įvažiavimas iš Verkių g.),"2,5"
Popierius,Hipodromo,"2,5"
Popierius,Kranto al. ,"2,5"
Popierius,Kranto al. 56,"2,5"
Popierius,Kranto al. 58,"2,5"
Popierius,Kranto al. 62,"2,5"
Popierius,Medvėgalio g. - Ašmenos gatvė,"2,5"
Popierius,Prancūzų g. 6,"2,5"
Popierius,Prancūzų g. 17,"2,5"
Popierius,Prancūzų g. 77 (pastatytas 2009 01 15),"2,5"
Popierius,Prancūzų g. (prie Rimi parduotuvės),"2,5"
Popierius,Prancūzų g. 143,"2,5"
Popierius,Prancūzų g. 47,"2,5"
Popierius,Prancūzų g. 59,"2,3"
Popierius,Prancūzų g. 68,"2,5"
Popierius,Prancūzų g. 62 A,"2,5"
Popierius,Prancūzų g. 88,"2,5"
Popierius,Verkių g. 18,"2,5"
Popierius,Verkių g. 32,"2,5"
Popierius,Verkių g. 6/ Prancūzų 76,"2,5"
Popierius,Vokiečių g. 164 Šančių vidurinė mokykla,"2,5"
Popierius,Vokiečių g. 27 MOLOC KONTEINERIS,"1,3"
Popierius,Verkių g. 30,"2,5"
Popierius,Žarėnų g. 19,"2,5"
Popierius,Baltijos g. 100,"2,5"
Popierius,Baltijos g. 21,"2,3"
Popierius,Baltijos g. 22,"2,5"
Popierius,Baltijos g. 40,"2,5"
Popierius,Baltijos g. 46,"2,5"
Popierius,Baltijos g. 45,"2,5"
Popierius,Baltijos g. 53,"2,5"
Popierius,Baltijos g. 55-57,"2,5"
Popierius,Baltijos g. 67,"2,5"
Popierius,Baltijos g. 6,"2,5"
Popierius,Baltijos g. 80-64,"2,5"
Popierius,Baltijos g. 84-78 (76),"2,5"
Popierius,Baltijos g. 9,"2,5"
Popierius,Baltų pr. 107,"2,5"
Popierius,Baltų pr. 117 ,"2,5"
Popierius,Baltų pr. 59,"2,5"
Popierius,Baltų pr. 123-127 ,"2,5"
Popierius,Baltų pr. 13,"2,3"
Popierius,Baltų pr. 149,"2,5"
Popierius,Baltų pr. 161-169,"2,5"
Popierius,Baltų pr. 181,"2,5"
Popierius,Baltų pr. 21 (41-15),"2,5"
Popierius,Baltų pr. 27,"2,3"
Popierius,Baltų pr. 3,"2,5"
Popierius,Baltų pr. 33,"2,5"
Popierius,Baltų pr. 4,"2,5"
Popierius,Baltų pr. 63,"2,5"
Popierius,Baltų pr. 69,"2,5"
Popierius,Baltų pr. 77,"2,5"
Popierius,Baltų pr. 97,"2,5"
Popierius,Eitkūnų g. gale,"2,3"
Popierius,Bartuvos g 5b,"2,5"
Popierius,Grušo g. 4,"2,5"
Popierius,Kuršių g. 12,"2,5"
Popierius,Kuršių g. 48,"2,3"
Popierius,Lazdynėlių g. 15,"2,3"
Popierius,Naujakurių g. 66/33,"2,5"
Popierius,Naujakurių pr. 84-92,"2,5"
Popierius,Rasytės g. 42,"2,5"
Popierius,Rasytės g. 18-20,"2,5"
Popierius,Rasytės g. 6-8,"2,5"
Popierius,Rasytės g. 5,"2,5"
Popierius,Rietavo g. 1,"2,5"
Popierius,Rietavo g. 13,"2,5"
Popierius,Rietavo g. 17,"2,5"
Popierius,"Romainiai, Girios g. 4","2,3"
Popierius,"Romainiai, P.Rusecko/J.Bielinio/Knygnešių g.","2,5"
Popierius,"Sargėnai, Pienių g. 2","2,5"
Popierius,"Sargėnai, Pienių g. 8","2,5"
Popierius,"Sargėnai, Vandžiogalos g. 84 a","2,5"
Popierius,"Sargėnai, Vandžiogalos g. 8","2,5"
Popierius,Šarkuvos g. 10,"2,5"
Popierius,Šarkuvos g. 13,"2,5"
Popierius,Šarkuvos g. 19,"2,5"
Popierius,Šarkuvos g. 29 už „Ryto“ pradinės mok.,"2,3"
Popierius,Vėtrungės g. 2,"2,3"
Popierius,Vėtrungės g. 10,"2,5"
Popierius,Vėtrungės g. 20,"2,3"
Popierius,Viduklės g.,"2,3"
Popierius,Žiemgalių g. 19,"2,5"
Popierius,A. Strazdo g. 83,"2,3"
Popierius,A. Strazdo g. už 75 komunalinių atliekų konteinerio;,"2,5"
Popierius,A. Stulginskio g. 54,"2,5"
Popierius,Demokratų g. 31,"2,5"
Popierius,Demokratų g. 48,"2,5"
Popierius,Gintaro g. 8 MOLOC KONTEINERIS,5
Popierius,K. Griniaus 9/13,"2,5"
Popierius,Kulvos g. 14 a,"2,5"
Popierius,Kulvos g. 34,"2,5"
Popierius,"Lampėdžiai, Prie pirties","2,3"
Popierius,Lampėdžių g. 10,"2,5"
Popierius,Linkuvos g. 55/ Sąjungos a.,"2,5"
Popierius,Mušos g.6 Veršvų vidurinė mokykla,"2,5"
Popierius,Neries kr. 12-13,"2,5"
Popierius,Neries kr. 25,"2,5"
Popierius,Neries kr. 9-10,"2,5"
Popierius,Neries kr.4,"2,5"
Popierius,Neries kr.5,"2,5"
Popierius,Neries kr.7,"2,5"
Popierius,Pagėgių g. sankr. Vienožinskio g aikšt. prie 56 namo;,"2,5"
Popierius,Ramygalos g. 45,"2,3"
Popierius,Ramygalos g. 9,"2,5"
Popierius,Raudondvario pl 113 (Vidaus vandens kelių direkcija),"2,5"
Popierius,Raudondvario pl 226,"2,5"
Popierius,Raudondvario pl. 174  komun atliekų kon.,"2,5"
Popierius,Raudondvario pl. 192 (Kaniūkų g.),"2,5"
Popierius,Raudondvario pl. 200 (Kaniūkų g.),"2,5"
Popierius,Įkalnės akligatvis 10,"2,3"
Popierius,Raudondvario pl. 288A „Antaginiečiai“,"2,3"
Popierius,Bijūnų g. 14,"2,3"
Popierius,Varnių g. 26,"2,5"
Popierius,Varnių g. 30,"2,5"
Popierius,Varnių g. 34-36,"2,5"
Popierius,Varnių g. 37,"2,5"
Popierius,Varnių g. 45,"2,5"
Popierius,Varnių g. 49 darželis „Pušaitė“,"2,5"
Popierius,Vytenio g. 10,"2,5"
Popierius,Vytenio g. 14-16,"2,5"
Popierius,Brastos g. 26,"2,5"
Popierius,Tilžės g. 11,"2,5"
Popierius,Naujalio g./Radvilų dvaro,"2,5"
Popierius,Lampėdžių kempingas,"2,5"
Popierius,Archyvo g. 48,"2,5"
Popierius,Aukštaičių g.78 S.Nėries vidurinė mokykla,"2,5"
Popierius,Aušros g. 3 J.Jablonskio gimnazija,"2,3"
Popierius,Aušros g. 40,"2,5"
Popierius,J.Basanavičiaus al. 43B,"2,5"
Popierius,J.Basanavičiaus al. 47,"2,5"
Popierius,Jonavos g. 51 A ,"2,5"
Popierius,Jonavos g. 182,"2,5"
Popierius,Kalniečių g. 126,"2,5"
Popierius,Kalniečių g. 219,"2,5"
Popierius,M. Jankaus g. 2,"2,5"
Popierius,Petrausko g. 13,"2,5"
Popierius,Perkūno al. 3,"2,5"
Popierius,Žemgulio g. 25a    naujas molokas,5
Popierius,Žemgulio/Dirvos g. ,"2,5"
Popierius,Purienų g. 2 Kauno apsk. Pagr.mok.“Saulutė“,"2,5"
Popierius,Radvilėnų pl. 3,"2,5"
Popierius,Radvilėnų pl. 4,"2,5"
Popierius,Basanavičiaus 56a,"2,5"
Popierius,Radvilėnų pl. 7 Radvilėnų vidurinė mokykla,"2,5"
Popierius,Savanorių pr. 46 Saulės gimnazija (Centro seniūnija),"2,5"
Popierius,Savanorių pr. 178 A,"2,3"
Popierius,Savanorių pr. 204 ,"2,5"
Popierius,Savanorių pr. 241,"2,3"
Popierius,Širvintų g. 15 L.Karsavino pagr.mok. (įvaž. iš Kalniečių),"2,5"
Popierius,Taikos pr. 6A Aklųjų ir silpnaregių centras,"2,5"
Popierius,Taikos pr. 4,"2,3"
Popierius,Uosio g. 7 Kurčiųjų ir neprigirdinčių ugdymo centras(kieme),"2,5"
Popierius,Vaižganto g. 7,"2,5"
Plastikas,Vaitkaus - Kumpio,"2,5"
Plastikas,Lakūnų pl. 44,"2,5"
Plastikas,Antanavos g. 9,"2,3"
Plastikas,Antanavos g. 20,"2,3"
Plastikas,Antanavos g. 21,"2,5"
Plastikas,Freda Barkūnų g. 5,5
Plastikas,Freda Europos,"2,5"
Plastikas,Freda Europos 28,5
Plastikas,Freda Saulėgrąžų g.,"2,5"
Plastikas,Vinčų g. 2,"2,5"
Plastikas,Vinčų g. 20,"2,3"
Plastikas,Freda Žilibero g. 6 Prie Kauno botanikos sodo,"2,5"
Plastikas,Svajonių al. 3,"2,5"
Plastikas,Tyrulių g. 20,"2,3"
Plastikas,Bitininkų g. 31 mokykla,"2,3"
Plastikas,Bitininkų g. 47B,"2,3"
Plastikas,Bitininkų g. 19 Darželis,"2,5"
Plastikas,Akacijų al. ,"2,5"
Plastikas,Technikumo,"2,5"
Plastikas,Aikštelė Julijanavos,"2,3"
Plastikas,Kalvarijos g. 72,"2,5"
Plastikas,Sporto g. Kregždutė,"1,1"
Plastikas,Vytauto pr. 49,"1,1"
Plastikas,Vytauto pr. 43A,"2,5"
Plastikas,Vytauto pr. 30,"1,1"
Plastikas,Karaliaus Mindaugo g. 68,"2,3"
Plastikas,Sopranų g. 5,"2,5"
Plastikas,Krėvos g. 3,"2,5"
Plastikas,Totorių Puškino 2,"2,5"
Plastikas,Gedimino g. 10,"2,3"
Plastikas,Kęstučio g. 61,"2,5"
Plastikas,Sapiegos g. 8,"2,5"
Plastikas,Gertrūdos g. 8A,5
Plastikas,Gertrūdos g. 11,5
Plastikas,Gertrūdos aikštė,"2,3"
Plastikas,Gimnazijos g. 3,"2,5"
Plastikas,Birštono g.,5
Plastikas,Rotušės Jėzuitų skr. 9,"2,5"
Plastikas,Rotušės aikštė,5
Plastikas,Prieplauka,5
Plastikas,Kauno pilis aikštelė,"2,5"
Plastikas,Kauno pilis autobusų aikštelė,"2,3"
Plastikas,Kumelių g. 8,"2,3"
Plastikas,Maironio g. 1,"2,5"
Plastikas,Maironio g. 1,5
Plastikas,Ožeškienės g. 6 - 10,"1,1"
Plastikas,Karaliaus Mindaugo 29-28,"1,1"
Plastikas,Kęstučio g. 91,"1,1"
Plastikas,A.Mickevičiaus g. 56,"1,1"
Plastikas,Donelaičio g. 55,"2,3"
Plastikas,Spaustuvininkų 11,"1,1"
Plastikas,Putvinskio g. ,"1,1"
Plastikas,Lydos g. 3,"2,5"
Plastikas,Darbo birža,"1,1"
Plastikas,Butrimonių g. 5,"2,3"
Plastikas,Partizanų g. 5 - 7,"2,5"
Plastikas,Savanorių pr. 246,"2,3"
Plastikas,Savanorių pr. 278,"2,3"
Plastikas,Savanorių pr. 294,"2,3"
Plastikas,Savanorių pr. 306,"2,3"
Plastikas,Savanorių pr. 314,"2,3"
Plastikas,Savanorių pr. 372,"2,3"
Plastikas,Savanorių pr. 362,"2,3"
Plastikas,Dubingių g. 10,"2,5"
Plastikas,Partizanų g. 68,"2,5"
Plastikas,Partizanų g. 66,"2,5"
Plastikas,Partizanų g. 55,"2,5"
Plastikas,Partizanų g. 70,"2,5"
Plastikas,Partizanų g. 74,"2,5"
Plastikas,Partizanų g. 76,"2,5"
Plastikas,Taikos pr. 109,"2,3"
Plastikas,Pramonės pr. 43,"2,5"
Plastikas,Pramonės pr. 38,"2,5"
Plastikas,V.Krėvės pr. 91,"2,5"
Plastikas,Partizanų g. 86,"2,5"
Plastikas,Partizanų g. 110,"2,5"
Plastikas,Partizanų g. 108,"2,3"
Plastikas,Partizanų g. 116,"2,5"
Plastikas,Partizanų g. 124,"2,5"
Plastikas,Partizanų g. 130,"2,3"
Plastikas,Partizanų g. 146,"2,5"
Plastikas,Partizanų g. 176,"2,3"
Plastikas,Partizanų g. 194,"2,5"
Plastikas,Partizanų g. 204,"2,3"
Plastikas,Partizanų g. 212,"2,5"
Plastikas,Partizanų g. 224,"2,5"
Plastikas,Partizanų g. 228,"2,5"
Plastikas,V. Krėvės pr. 114,"2,5"
Plastikas,V. Krėvės pr. 117,"2,5"
Plastikas,V. Krėvės pr. 113,"2,5"
Plastikas,V. Krėvės pr. 107,"2,5"
Plastikas,V. Krėvės pr. 104a,"2,5"
Plastikas,V. Krėvės pr. 99,"2,5"
Plastikas,V. Krėvės pr. 82B,5
Plastikas,V. Krėvės pr. 98,"2,3"
Plastikas,V. Krėvės pr. 100,"2,5"
Plastikas,V. Krėvės pr. 93,"2,5"
Plastikas,Pramonės pr. 26,"2,3"
Plastikas,Pramonės pr. 79,"2,5"
Plastikas,Pramonės pr. 73,"2,5"
Plastikas,Pramonės pr. 67,"2,5"
Plastikas,Pramonės pr. 55,"2,3"
Plastikas,Taikos pr. 125,"2,5"
Plastikas,Taikos pr. 117,"2,5"
Plastikas,Taikos pr. 86,"2,5"
Plastikas,Draugystės g. 9E,"2,5"
Plastikas,Draugystės g. 9A,"2,5"
Plastikas,Draugystės g. 5E,"2,5"
Plastikas,Draugystės g. 3A,"2,5"
Plastikas,Taikos pr. 97,"2,5"
Plastikas,Kovo 11-osios 76,"2,5"
Plastikas,Kovo 11-osios 80,"2,5"
Plastikas,Kovo 11-osios 86,"2,5"
Plastikas,Kovo 11-osios 84,"2,3"
Plastikas,Kovo 11-osios 96,"2,5"
Plastikas,Kovo 11-osios 94 (Mokykla),"2,5"
Plastikas,Kovo 11-osios 98,"2,5"
Plastikas,Krėvės pr. 60,"2,5"
Plastikas,Krėvės pr. 62,"2,5"
Plastikas,Krėvės pr. 64,"2,5"
Plastikas,Krėvės pr. 78,"2,5"
Plastikas,Krėvės pr. 65,"2,5"
Plastikas,Krėvės pr. 67,"2,5"
Plastikas,Krėvės pr. 69 - 71,"2,5"
Plastikas,Krėvės pr. 79,"2,5"
Plastikas,Pramonės pr. 83,"2,5"
Plastikas,Kovo 11-osios 102,"2,5"
Plastikas,Kovo 11-osios 71,"2,5"
Plastikas,Krėvės pr. 35,"2,5"
Plastikas,Kovo 11-osios 59,"2,5"
Plastikas,Krėvės pr. 27,"2,5"
Plastikas,Birželio 23-osios 8,"2,3"
Plastikas,Birželio 23-osios 17,"2,3"
Plastikas,Birželio 23-osios 15,"2,5"
Plastikas,Krėvės pr. 1,"2,5"
Plastikas,Krėvės pr. 10,"2,5"
Plastikas,Krėvės pr. 11,"2,3"
Plastikas,Krėvės pr. 14 MAXIMA,"2,5"
Plastikas,Krėvės pr. 18,"2,5"
Plastikas,Krėvės pr. 28,"2,5"
Plastikas,Krėvės pr. 29,"2,3"
Plastikas,Krėvės pr. 37,"2,5"
Plastikas,Taikos pr. 69,"2,3"
Plastikas,Taikos pr. 73,"2,3"
Plastikas,Taikos pr. 75,"2,5"
Plastikas,Taikos pr. 53,"2,5"
Plastikas,Taikos pr. 51 Mokykla,"2,5"
Plastikas,Taikos pr. 49 Darželis,"2,5"
Plastikas,Partizanų g. 10,"2,3"
Plastikas,Partizanų g. 22,"2,5"
Plastikas,Partizanų g. 28,"2,5"
Plastikas,Partizanų g. 38,"2,5"
Plastikas,Krėvės pr. 9A,"2,5"
Plastikas,Partizanų g. 40,"2,3"
Plastikas,Partizanų g. 42,"2,5"
Plastikas,Savanorių pr. 296,"2,5"
Plastikas,Partizanų g. 29i,"2,5"
Plastikas,Partizanų g. 27D,"2,5"
Plastikas,Partizanų g. 50,"2,3"
Plastikas,Partizanų g. 52,"2,5"
Plastikas,Partizanų g. 54,"2,5"
Plastikas,Partizanų g. 58,"2,5"
Plastikas,Karmėlava,"2,3"
Plastikas,Šiaurės pr. 8,"2,5"
Plastikas,Šiaurės pr. 10,"2,3"
Plastikas,Šiaurės pr. 24,"2,5"
Plastikas,Šiaurės pr. 95,"2,3"
Plastikas,Šiaurės pr. 99,"2,5"
Plastikas,Šiaurės pr. 75,"2,5"
Plastikas,S. Žukausko g. 41,"2,3"
Plastikas,Škirpos g. 6,"2,3"
Plastikas,Škirpos g. 2,"2,3"
Plastikas,Škirpos g. 11,"2,3"
Plastikas,Plechavičiaus g. 22,"2,3"
Plastikas,Plechavičiaus g. 25,"2,5"
Plastikas,Plechavičiaus g. 27,"2,5"
Plastikas,Šiaurės pr. 55,"2,5"
Plastikas,Šiaurės pr. 57,"2,5"
Plastikas,Šiaurės pr. 59,"2,3"
Plastikas,Šiaurės pr. 45,"2,5"
Plastikas,Landsbergio-Žemkalnio g. 30,"2,5"
Plastikas,Landsbergio-Žemkalnio g. 13,"2,5"
Plastikas,Landsbergio-Žemkalnio g. 11,"2,3"
Plastikas,Šiaurės pr. 43,"2,3"
Plastikas,Šiaurės pr. 37,"2,3"
Plastikas,Šiaurės pr. 17,"2,5"
Plastikas,Šiaurės pr. 5,"2,3"
Plastikas,Geležinio vilko g. 1,"2,3"
Plastikas,Geležinio vilko g. 8,"2,3"
Plastikas,Geležinio vilko g. 7,"2,3"
Plastikas,Geležinio vilko g. 26,"2,3"
Plastikas,Geležinio vilko g. 21,"2,3"
Plastikas,Pakraščio g. 17,"2,5"
Plastikas,Pakraščio g. 2 - 4,"2,5"
Plastikas,Lukšio g. 20 Kalniečių PC.,"2,5"
Plastikas,Lukšio g. 40,"2,5"
Plastikas,Lukšio g. 44,"2,5"
Plastikas,Lukšio g. 27,"2,3"
Plastikas,Lukšio g. 23,"2,3"
Plastikas,Lukšio g. 33,"2,5"
Plastikas,Lukšio g. 37,"2,5"
Plastikas,Lukšio g. 43,"2,5"
Plastikas,Plechavičiaus g. 1,"2,3"
Plastikas,Plechavičiaus g. 4,"2,5"
Plastikas,Plechavičiaus g. 19,"2,3"
Plastikas,Plechavičiaus g. 7,"2,5"
Plastikas,Ramanausko Vanago g. 1,"2,5"
Plastikas,Žukausko g. 16,"2,5"
Plastikas,Žukausko g. 24,"2,3"
Plastikas,Žukausko g. 25,"2,3"
Plastikas,Žukausko g. 19,"2,5"
Plastikas,Žukausko g. 1,"2,5"
Plastikas,Žukausko g. 3,"2,3"
Plastikas,Žukausko g. 5,"2,3"
Plastikas,Ukmergės g. 5,"2,3"
Plastikas,Ukmergės g. 9A,"2,3"
Plastikas,Ukmergės g. 31,"2,3"
Plastikas,Ukmergės g. 22,"2,5"
Plastikas,Ukmergės g.  9,"2,3"
Plastikas,Kalniečių g. 251,"2,3"
Plastikas,Kalniečių g. 216,"2,5"
Plastikas,Kalniečių g. 245,"2,3"
Plastikas,Žeimenos g. 103,"2,5"
Plastikas,Žeimenos g. 119,"2,3"
Plastikas,Lozoraičio g. 13 KTU licėjus,"2,3"
Plastikas,Lazūnų g. 81,"2,5"
Plastikas,Žeimenos g. 78,"2,3"
Plastikas,Sukilėlių pr. 76,"2,3"
Plastikas,Sukilėlių pr. 67,"2,5"
Plastikas,Sukilėlių pr. 73,"2,5"
Plastikas,Sukilėlių pr. 85,"2,3"
Plastikas,Sukilėlių pr. 100,"2,5"
Plastikas,Šiaurės pr. 42,"2,5"
Plastikas,Aikštelė šiaurės,"2,3"
Plastikas,Šiaurės pr. 40,"2,3"
Plastikas,Ašigalio g. 53,"2,3"
Plastikas,Ašigalio g. 51,"2,3"
Plastikas,Ašigalio g. 25,"2,3"
Plastikas,Ašigalio g. 15,"2,3"
Plastikas,Ašigalio g. 9,"2,3"
Plastikas,Kleboniškis Vasarvietės g. 39,"2,5"
Plastikas,Kleboniškio kapinės,"2,3"
Plastikas,Jonavos g. 51,"2,5"
Plastikas,Jonavos g. 184,"2,5"
Plastikas,Baranausko g. 5,"2,5"
Plastikas,Baranausko g. 35,"2,5"
Plastikas,Ryšių g. 2,"2,5"
Plastikas,Ryšių g. 3,"2,5"
Plastikas,Ryšių g. 21,"2,5"
Plastikas,Pašilės g. 128,"2,5"
Plastikas,Pašilės g. 82,"2,5"
Plastikas,Pašilės g. 84,"2,3"
Plastikas,Pašilės g. 54,"2,3"
Plastikas,Pašilės g. 46,"2,3"
Plastikas,Pašilės g. 38,"2,3"
Plastikas,Gričiupio g. 11,"2,5"
Plastikas,Gričiupio g. 9,"2,3"
Plastikas,Studentų g. 67,"2,5"
Plastikas,Studentų g. 71,"2,5"
Plastikas,Purienų g. 10,"2,3"
Plastikas,Purienų g. 20,"2,5"
Plastikas,Saulės g. 39,"2,5"
Plastikas,Saulės g. 30,"2,3"
Plastikas,Rytų g. 26,"2,3"
Plastikas,Varpo g. 49,"2,5"
Plastikas,Studentų g. 29,"2,5"
Plastikas,Saulės g. 22,"2,5"
Plastikas,Saulės g. 8,"2,5"
Plastikas,Varpo g. 10,"2,5"
Plastikas,Varpo g. 7,"2,5"
Plastikas,Rimvydo g. 28,"2,5"
Plastikas,Rimvydo g. 15 - 17,"2,5"
Plastikas,Rimvydo g. 13,"2,5"
Plastikas,Sruogos g. 5,"2,5"
Plastikas,Radvilėnų pl. 7,"2,5"
Plastikas,Studentų g. 18,"2,5"
Plastikas,Studentų g. 2,"2,5"
Plastikas,Taikos pr. 44,"2,5"
Plastikas,Taikos pr. 56,"2,3"
Plastikas,Taikos pr. 68,"2,5"
Plastikas,Taikos pr. 80,"2,3"
Plastikas,Kovo 11-osios 43,"2,5"
Plastikas,Kovo 11- osios 31,"2,5"
Plastikas,Kovo 11-osios 27,"2,5"
Plastikas,Dujotiekio g. 21,"2,3"
Plastikas,Pašilės g. 30,"2,3"
Plastikas,Draugystės g. 2,"2,5"
Plastikas,Kovo 11-osios 28,"2,5"
Plastikas,Kovo 11-osios 56,"2,5"
Plastikas,Kovo 11-osios 62,"2,5"
Plastikas,Kovo 11-osios 50,"2,5"
Plastikas,Draugystės g. 8,"2,5"
Plastikas,Kovo 11-osios 36 - 46,"2,5"
Plastikas,Kovo 11-osios 48,"2,5"
Plastikas,Chemijos g. 9,"2,5"
Plastikas,Žalvarnių g. 11,"2,3"
Plastikas,Kovo 11-osios 4,"2,5"
Plastikas,M. Riomerio g. 2 - 4,"2,5"
Plastikas,M. Riomerio g. 5,5
Plastikas,M. Riomerio g. 11,5
Plastikas,M. Riomerio g. 35,"2,5"
Plastikas,Biržiškių g. 1B,"2,5"
Plastikas,Biržiškių g. 9,"2,5"
Plastikas,A. ir J.Gravrogkų g. 1,"2,5"
Plastikas,Baršausko g. 86,"2,5"
Plastikas,Baršausko g. 75,"2,5"
Plastikas,Amalių g. 2,"2,3"
Plastikas,Popieriaus g. 1,"2,3"
Plastikas,Naručio g. 1,"2,5"
Plastikas,Žuvinto g. 15,"2,3"
Plastikas,Žuvinto g. 30,"2,3"
Plastikas,Žuvinto g. 31,"2,3"
Plastikas,Baršausko g. 73,"2,5"
Plastikas,Tunelio g. 41,"2,5"
Plastikas,Vaišvydava Didžioji g. 82,"2,3"
Plastikas,Vaišvydava Vaišvydo 28,"2,5"
Plastikas,Vaišvydava Miškininkų g. 4 - 6,"2,5"
Plastikas,Girionys Liepų g. 12,"2,5"
Plastikas,SB Zuikinė Piliakalnio piliakalnio takas ,"2,5"
Plastikas,SB Ajeras Katilėlių,"2,5"
Plastikas,Rokai Vijūnų g. 2 mokykla,"2,5"
Plastikas,Rokai Nemuno g. 10,"2,5"
Plastikas,Rokai Nemuno g. 3,"2,5"
Plastikas,Rokai Borutos g. 4,"2,5"
Plastikas,Rokai Borutos g. 10,"2,5"
Plastikas,Rokai Baltaragio g. 27,"2,5"
Plastikas,Rokai Baltaragio g. 23,"2,5"
Plastikas,Rokai Baltaragio g. 1,"2,5"
Plastikas,Rokai Moliakėlio g. 12,"2,5"
Plastikas,Plento g. 12 - 14,"2,5"
Plastikas,Plento g. 20 - 18,"2,5"
Plastikas,Plento g. 26,"2,5"
Plastikas,Veverskio g. 6,"2,5"
Plastikas,Vaidoto g. 115,"2,5"
Plastikas,Vaidoto g. 11,"2,5"
Plastikas,Kariūnų pl. 3,"2,5"
Plastikas,Kariūnų pl. 5 ,"2,5"
Plastikas,Kurtinių g. 1D,"1,1"
Plastikas,Vičiūnai Kiškių g. 22,"2,5"
Plastikas,Birutės g. 9,"2,5"
Plastikas,A. Smetonos g. 49,"2,5"
Plastikas,A. Smetonos g. 53,"2,5"
Plastikas,A. Smetonos g. 57,"2,5"
Plastikas,A. Smetonos g. 69,"2,3"
Plastikas,A. Smetonos g. - Mažoji g. 11,"2,5"
Plastikas,Kampiškių g. 5,"2,3"
Plastikas,Piliakalnio g. 5,"2,3"
Plastikas,R. Kalantos g. 10,"2,5"
Plastikas,R. Kalantos g. 23,"2,5"
Plastikas,R. Kalantos g. 63,"2,5"
Plastikas,R. Kalantos g. 44,"2,5"
Plastikas,Ekskavatorininkų g. 14,"2,5"
Plastikas,Ekskavatorininkų g. 3 - 5,"2,5"
Plastikas,Ekskavatorininkų g. 1B,"2,3 ir 1,1"
Plastikas,Pažaislio aikštelė,"2,3"
Plastikas,Masiulio g. 17,"2,5"
Plastikas,Gimbutienės g. 10 -12,"2,5"
Plastikas,Masiulio g. 9,"2,5"
Plastikas,Masiulio g. 10,"2,5"
Plastikas,Gimbutienės g. 6,"2,5"
Plastikas,Kalantos gale,"2,5"
Plastikas,Kalantos g. 120,"2,5"
Plastikas,Kalantos g. 106,"2,5"
Plastikas,Marių g. 19 prie Vieškūnų piliakalnio ,"2,5"
Plastikas,Marių g. 60A,"2,5"
Plastikas,Laivenių g. 19,"2,5"
Plastikas,Marių g. 37,"2,5"
Plastikas,Marių g. 16,"2,5"
Plastikas,Stoties g. 10,"2,5"
Plastikas,Marių g. 12,"2,5"
Plastikas,Marių g. 2,"2,5"
Plastikas,Neveronių g. 26,"2,5"
Plastikas,Juozapavičiaus pr. 44,"2,5"
Plastikas,Juozapavičiaus pr. 31,"2,5"
Plastikas,Juozapavičiaus pr. 25,"2,5"
Plastikas,Juozapavičiaus pr. 19,"2,5"
Plastikas,Juozapavičiaus pr. 13,"2,5"
Plastikas,Juozapavičiaus pr. 21a,"2,5"
Plastikas,Vokiečių g. 164,"2,5"
Plastikas,Kranto al. 52,"2,5"
Plastikas,Kranto al. 54,"2,5"
Plastikas,Kranto al. 56,"2,5"
Plastikas,Kranto al. 60,"2,5"
Plastikas,Vokiečių g. 27,"2,5"
Plastikas,Hipodromo g. 42 - 46,"2,5"
Plastikas,Ašmenos II-oji g. 33 - 37,"2,5"
Plastikas,Verkių g. 30,"2,5"
Plastikas,Verkių g. 20A,"2,3"
Plastikas,Verkių g. 18,"2,5"
Plastikas,Prancūzų g. 78,"2,5"
Plastikas,Prancūzų g. RIMI,"2,5"
Plastikas,Prancūzų g. 62A,"2,5"
Plastikas,Prancūzų g. 77,"2,5"
Plastikas,Prancūzų g. 69,"2,5"
Plastikas,Prancūzų g. 45,"2,5"
Plastikas,Prancūzų g. 17,"2,5"
Plastikas,Medvėgalio - Ašmenos g.,"2,5"
Plastikas,Alsėdžių g. 5,"2,5"
Plastikas,Alsėdžių g. 7,"2,5"
Plastikas,Alsėdžių g. 11,"2,5"
Plastikas,Alsėdžių g. 15,"2,5"
Plastikas,Prancūzų g. 68,"2,5"
Plastikas,Prancūzų g. 139,"2,5"
Plastikas,Kuršių g. 3A,"2,3"
Plastikas,Kuršių g. 10,"2,5"
Plastikas,Kuršių g. 6,"2,3"
Plastikas,Kuršių g. 4 ,"2,3"
Plastikas,Lazdynėlių g. 22,"2,3"
Plastikas,Eitkūnų g. 9,"2,3"
Plastikas,IX forto aikštelė,"2,3"
Plastikas,Knygnešių g. 4,"2,5"
Plastikas,Giros g. 6,"2,3"
Plastikas,Baltų pr. 172,5
Plastikas,Baltų pr. 173,"2,5"
Plastikas,Baltų pr. 161,"2,5"
Plastikas,Baltų pr. 149,"2,5"
Plastikas,Baltų pr. 107,"2,5"
Plastikas,Baltų pr. 127,"2,5"
Plastikas,Baltų pr. 95,"2,5"
Plastikas,Žiemgalių g. 19,"2,5"
Plastikas,Baltų pr. 103,"2,5"
Plastikas,Baltų pr. 77,"2,5"
Plastikas,Baltų pr. 53,"2,5"
Plastikas,Baltų pr. 67,"2,5"
Plastikas,Baltų pr. 73,"2,5"
Plastikas,Baltų pr. 21,"2,5"
Plastikas,Baltų pr. 27,"2,5"
Plastikas,Baltų pr. 37,"2,5"
Plastikas,Baltų pr. 13,"2,3"
Plastikas,Rietavo g. 2,"2,5"
Plastikas,Rietavo g. 13,"2,5"
Plastikas,Rietavo g. 17,"2,5"
Plastikas,Grušo g. 31,"2,5"
Plastikas,Baltijos g. 22,"2,5"
Plastikas,Baltijos g. 6,"2,5"
Plastikas,Baltijos g. 11,"2,5"
Plastikas,Baltijos g. 46,"2,5"
Plastikas,Baltijos g. 40,"2,5"
Plastikas,Baltijos g. 70,"2,5"
Plastikas,Baltijos g. 84,"2,5"
Plastikas,Bartuvos g. 8,"2,5"
Plastikas,Naujakurių g. 66,"2,5"
Plastikas,Naujakurių g. 84,"2,5"
Plastikas,Baltijos g. 102,"2,5"
Plastikas,Baltijos g. 63,"2,5"
Plastikas,Apolės g. 44,"2,3"
Plastikas,Baltijos g. 57,"2,5"
Plastikas,Baltijos g. 51,"2,5"
Plastikas,Baltijos g. 45,"2,5"
Plastikas,Baltijos g. 21,"2,5"
Plastikas,Baltų pr. 3,"2,5"
Plastikas,Grušo g. 4,"2,5"
Plastikas,Baltų pr. 4,"2,5"
Plastikas,Rasytės g. 8,"2,3"
Plastikas,Rasytės g. 6,"2,3"
Plastikas,Rasytės g. 16,"2,3"
Plastikas,Rasytės g. 24,"2,5"
Plastikas,Rasytės g. 30,"2,5"
Plastikas,Rasytės g. 32,"2,3"
Plastikas,Rasytės g. 40,"2,5"
Plastikas,Rasytės g. 42,"2,5"
Plastikas,Rasytės g. 50,"2,3"
Plastikas,Kuršių g. 48,"2,3"
Plastikas,Kuršių g. 56,"2,3"
Plastikas,Kuršių g. 58,"2,3"
Plastikas,Vėtrungės g. 10,"2,5"
Plastikas,Vėtrungės g. 4,"2,5"
Plastikas,Šarkuvos g. 29,"2,3"
Plastikas,Šarkuvos g. 19,"2,5"
Plastikas,Šarkuvos g. 26,"2,5"
Plastikas,Šarkuvos g. 14,"2,5"
Plastikas,Šarkuvos g. 13,"2,5"
Plastikas,"Sargėnai, Vandžiogalos g. 8","2,3"
Plastikas,Radviliškio g. 2,"2,5"
Plastikas,Vandžiogalos g. 51,"2,5"
Plastikas,Vandžiogalos g. 84,"2,5"
Plastikas,Pienių g. 4,"2,5"
Plastikas,Pienių g. 12,"2,5"
Plastikas,Pienių g. 6,"2,5"
Plastikas,Pienių g. 8,"2,3"
Plastikas,Neries krantinė 12,"2,5"
Plastikas,Neries krantinė 10,"2,5"
Plastikas,Neries krantinė 7,"2,5"
Plastikas,Neries krantinė 6,"2,5"
Plastikas,Neries krantinė 4,"2,5"
Plastikas,Neries krantinė 2,"2,5"
Plastikas,Linkuvos g. 55 Sąjungos aikštė,"2,5"
Plastikas,Lampėdžių 10,"2,5"
Plastikas,Sąjungos a. 5,"2,3"
Plastikas,Stulginskio g. 54,"2,3"
Plastikas,Stulginskio g. 61,"2,5"
Plastikas,Varnių 30,"2,5"
Plastikas,Griniaus 9 - 13,"2,5"
Plastikas,Bijūnų g. 14,"2,3"
Plastikas,Varnių 45,"2,3"
Plastikas,Varnių 39,"2,5"
Plastikas,Varnių 35,"2,5"
Plastikas,Vytenio g. 10,"2,5"
Plastikas,Vytenio g. 18,"2,5"
Plastikas,Demokratų g. Norfa 34,"2,5"
Plastikas,Demokratų g. 31,"2,5"
Plastikas,Kulvos g. 14A,"2,5"
Plastikas,Strazdo 83,"2,3"
Plastikas,Stazdo už 75 namo,"2,5"
Plastikas,Vienožinskio - Pagėgių,"2,5"
Plastikas,Stulginskio g. 67,"2,5"
Plastikas,Ramygalos g. 45,"2,3"
Plastikas,Ramygalos g. 9,"2,5"
Plastikas,Demokratų g. 48,"2,5"
Plastikas,Neries krantinė 25,"2,5"
Plastikas,Varnių g. 49,"2,5"
Plastikas,Tilžės g. 11,"2,5"
Plastikas,Mūšos g. 6,"2,5"
Plastikas,Raudondvario pl. 174,"2,5"
Plastikas,Raudondvario pl. 198,"2,5"
Plastikas,Raudondvario pl. 200,"2,5"
Plastikas,Įkalnės akligatvis 10,"2,3"
Plastikas,Raudondvario pl. 288a,"2,3"
Plastikas,Antagynės g. 11,"2,3"
Plastikas,Lampėdžių aikštelė,"2,3"
Plastikas,Lampėdžiai Gintaro,"2,5"
Plastikas,Raudondvario pl. 226,"2,5"
Plastikas,Raudondvario pl. 131 Sanitex,"2,5"
Plastikas,Raudondvario pl. 113,"2,5"
Plastikas,Brastos g. 15,"1,1"
Plastikas,Brastos g. 26,"2,5"
Plastikas,Radvilų dvaro/Naujelio g.,"2,5"
Plastikas,Lampėdžių kempingas,"2,5"
Plastikas,Širvintų g. 15,"2,5"
Plastikas,Seinų g. 6,"2,3"
Plastikas,Savanorių pr. 46,"2,5"
Plastikas,Aušros g. 1,"2,3"
Plastikas,Aušros g. 20,"1,1"
Plastikas,Lietuvių g. 2,"1,1"
Plastikas,Lietuvių g. 20,"1,1"
Plastikas,Aušros g. 40,"2,5"
Plastikas,Perkūno al. 3,"2,5"
Plastikas,Vaižganto g. 7,"2,5"
Plastikas,Aukštaičių g. 78,"2,5"
Plastikas,Kudirkos g. 19,"2,5"
Plastikas,Petrausko g. 13,"2,5"
Plastikas,Savanorių pr. 178,"2,3"
Plastikas,Savanorių pr. 204,"2,3"
Plastikas,Taikos pr. 2,"2,3"
Plastikas,Taikos pr. 6A,"2,5"
Plastikas,Žemgulio - Dirvos,"2,5"
Plastikas,Žemgulio g. 25a     nauji molokai,3
Plastikas,Basanavičiaus al. 43,"2,5"
Plastikas,Basanavičiaus al. 26,"2,5"
Plastikas,Radvilėnų pl. 3,"2,5"
Plastikas,Radvilėnų pl. 6,"2,5"
Plastikas,Tvirtovės al. 88,"2,5"
Plastikas,Savanorių pr. 235,"2,3"
Plastikas,Archyvo g. 48,"2,5"
Plastikas,Kalniečių g. 126,"2,5"
Plastikas,Kačanausko g. 14,"2,3"
Plastikas,Kačanausko g. 18,"2,3"
Plastikas,Uosio g. 7,"2,5"
Plastikas,Purėnų g. 2,"2,5"
Plastikas,Kalniečių g. 219,"2,5"
Plastikas,Kalniečių g. 186,"2,3"
Plastikas,Savanorių pr. 287,"2,3"
